{"Camera":{"id":"MainCamera","pitch":-13.499955177307129,"position":[2.2311859130859375,2.666917085647583,2.5918917655944824],"sensitivity":0.10000000149011612,"speed":2.0209999084472656,"yaw":-116.59947967529297,"zoom":45.0},"Light":{"SunLight":{"biasMax":0.004000000189989805,"biasMin":0.0010000000474974513,"color":[0.7101895809173584,0.7696078419685364,0.6903834939002991],"direction":[1.0,-1.0,-1.0],"dis":20.052000045776367,"farp":34.97700119018555,"intensity":0.4009999930858612,"nearp":17.8799991607666,"right":7.5329999923706055,"top":4.756999969482422,"type":"directional"}},"Models":[{"id":"Floor","material":{"ambient":0.6700000166893005,"color":[0.899653971195221,0.9350702166557312,0.9411764740943909],"shader":"Floor","type":"BlinnPhong_Pure"},"position":[0.0,0.0,0.0],"rotation":[90.0,0.0,0.0],"scale":[10.0,1.0,10.0],"type":"Quad"},{"id":"Marry","material":{"ambient":0.5109999775886536,"shader":"Marry","type":"BlinnPhong"},"path":"../resources/models/Marry/Marry.obj","position":[0.0,0.0,0.0],"rotation":[0.0,0.0,0.0],"scale":[1.0,1.0,1.0],"type":"model"}],"id":"Marry"}