{"Camera":{"id":"MainCamera","pitch":-38.30012893676758,"position":[4.693993091583252,3.6444756984710693,1.144167184829712],"sensitivity":0.10000000149011612,"speed":2.0209999084472656,"yaw":-154.2996826171875,"zoom":45.0},"Light":{"SunLight":{"color":[0.7101895809173584,0.7696078419685364,0.6903834939002991],"direction":[1.0,-1.0,-1.0],"dis":20.98699951171875,"farp":59.64099884033203,"intensity":0.6359999775886536,"nearp":6.6020002365112305,"right":8.430000305175781,"top":6.63700008392334,"type":"directional"}},"Models":[{"id":"Floor","material":{"ambient":0.6700000166893005,"color":[0.899653971195221,0.9350702166557312,0.9411764740943909],"type":"BlinnPhong_Pure"},"position":[0.0,0.0,0.0],"rotation":[90.0,0.0,0.0],"scale":[10.0,1.0,10.0],"type":"Quad"},{"id":"Marry","material":{"ambient":0.5109999775886536,"type":"BlinnPhong"},"path":"../resources/models/Marry/Marry.obj","position":[0.0,0.0,0.0],"rotation":[0.0,0.0,0.0],"scale":[1.0,1.0,1.0],"type":"model"}],"id":"Marry"}